estimate,condition
0.46723314435485996,"15.00,3.00,8.00,2.00,0.50"
0.5097924270605237,"15.00,3.00,8.00,2.00,0.50"
0.4916809440292404,"15.00,3.00,8.00,2.00,0.50"
0.49045966271097996,"15.00,3.00,8.00,2.00,0.50"
0.5049012065966332,"15.00,3.00,8.00,2.00,0.50"
