estimate,condition
0.19598265223140035,"20.00,2.00,8.00,2.00,0.20"
0.20036848111174774,"20.00,2.00,8.00,2.00,0.20"
0.21406440630571458,"20.00,2.00,8.00,2.00,0.20"
0.1826512691984378,"20.00,2.00,8.00,2.00,0.20"
0.17106308823917482,"20.00,2.00,8.00,2.00,0.20"
