estimate,condition
0.22542982847373166,"10.00,1.00,8.00,2.00,0.20"
0.22496296721229542,"10.00,1.00,8.00,2.00,0.20"
0.20080227597354497,"10.00,1.00,8.00,2.00,0.20"
0.19006006645304746,"10.00,1.00,8.00,2.00,0.20"
0.1808618097584754,"10.00,1.00,8.00,2.00,0.20"
