estimate,condition
0.5170783530798291,"15.00,3.00,40.00,4.00,0.50"
0.5412795978319362,"15.00,3.00,40.00,4.00,0.50"
0.5287265763399076,"15.00,3.00,40.00,4.00,0.50"
0.5043397374172086,"15.00,3.00,40.00,4.00,0.50"
0.503095010270242,"15.00,3.00,40.00,4.00,0.50"
