estimate,condition
0.12904034026425978,"15.00,3.00,20.00,3.00,0.20"
0.2417337237992622,"15.00,3.00,20.00,3.00,0.20"
0.18684681723333577,"15.00,3.00,20.00,3.00,0.20"
0.19542226829853193,"15.00,3.00,20.00,3.00,0.20"
0.16454814002298182,"15.00,3.00,20.00,3.00,0.20"
