estimate,condition
0.8971002451759822,"15.00,3.00,40.00,4.00,0.90"
0.8981866232151898,"15.00,3.00,40.00,4.00,0.90"
0.89987949035009,"15.00,3.00,40.00,4.00,0.90"
0.9002942587495358,"15.00,3.00,40.00,4.00,0.90"
0.897293658055213,"15.00,3.00,40.00,4.00,0.90"
