estimate,condition
0.5315712623390054,"15.00,3.00,20.00,3.00,0.50"
0.4998741192111835,"15.00,3.00,20.00,3.00,0.50"
0.44877855968507385,"15.00,3.00,20.00,3.00,0.50"
0.47467799404439115,"15.00,3.00,20.00,3.00,0.50"
0.5154757119719197,"15.00,3.00,20.00,3.00,0.50"
