estimate,condition
0.8986945907931813,"15.00,3.00,8.00,2.00,0.90"
0.8900490912858862,"15.00,3.00,8.00,2.00,0.90"
0.9027024831073331,"15.00,3.00,8.00,2.00,0.90"
0.9008579589009984,"15.00,3.00,8.00,2.00,0.90"
0.9036671545753882,"15.00,3.00,8.00,2.00,0.90"
