estimate,condition
0.1766374710268463,"15.00,3.00,40.00,4.00,0.20"
0.21977809460119063,"15.00,3.00,40.00,4.00,0.20"
0.2017466712486732,"15.00,3.00,40.00,4.00,0.20"
0.16223749164546492,"15.00,3.00,40.00,4.00,0.20"
0.189884376239548,"15.00,3.00,40.00,4.00,0.20"
