estimate,condition
0.8945002849429631,"15.00,3.00,20.00,3.00,0.90"
0.9028585243840573,"15.00,3.00,20.00,3.00,0.90"
0.9073540372505776,"15.00,3.00,20.00,3.00,0.90"
0.9098782060125161,"15.00,3.00,20.00,3.00,0.90"
0.9112489868862252,"15.00,3.00,20.00,3.00,0.90"
