estimate,condition
0.1649017305403547,"15.00,3.00,8.00,2.00,0.20"
0.2093458347312492,"15.00,3.00,8.00,2.00,0.20"
0.20606627662207935,"15.00,3.00,8.00,2.00,0.20"
0.22623601250098432,"15.00,3.00,8.00,2.00,0.20"
0.2104273070341642,"15.00,3.00,8.00,2.00,0.20"
