estimate,condition
0.22512601560008993,"20.00,2.00,20.00,3.00,0.20"
0.18179295093597894,"20.00,2.00,20.00,3.00,0.20"
0.1907528777121728,"20.00,2.00,20.00,3.00,0.20"
0.18248974445172989,"20.00,2.00,20.00,3.00,0.20"
0.1874463295128027,"20.00,2.00,20.00,3.00,0.20"
