estimate,condition
0.46456611098371775,"10.00,1.00,8.00,2.00,0.50"
0.4778424594876577,"10.00,1.00,8.00,2.00,0.50"
0.5237447843643208,"10.00,1.00,8.00,2.00,0.50"
0.4610885130241832,"10.00,1.00,8.00,2.00,0.50"
0.5195083110072773,"10.00,1.00,8.00,2.00,0.50"
