estimate,condition
0.9042477687748003,"20.00,2.00,40.00,4.00,0.90"
0.9057250061777691,"20.00,2.00,40.00,4.00,0.90"
0.9113666900603127,"20.00,2.00,40.00,4.00,0.90"
0.8935598747938917,"20.00,2.00,40.00,4.00,0.90"
0.9039296994273828,"20.00,2.00,40.00,4.00,0.90"
