estimate,condition
0.5140016927363512,"20.00,2.00,8.00,2.00,0.50"
0.5210148707802964,"20.00,2.00,8.00,2.00,0.50"
0.45838721621081907,"20.00,2.00,8.00,2.00,0.50"
0.5459169273331954,"20.00,2.00,8.00,2.00,0.50"
0.49506190742361994,"20.00,2.00,8.00,2.00,0.50"
