estimate,condition
0.47123618856994115,"20.00,2.00,20.00,3.00,0.50"
0.48415837416500157,"20.00,2.00,20.00,3.00,0.50"
0.4986737539944225,"20.00,2.00,20.00,3.00,0.50"
0.5537106934840298,"20.00,2.00,20.00,3.00,0.50"
0.4817526708363305,"20.00,2.00,20.00,3.00,0.50"
