estimate,condition
0.9016521637900812,"20.00,2.00,20.00,3.00,0.90"
0.896582071337274,"20.00,2.00,20.00,3.00,0.90"
0.8893692792728468,"20.00,2.00,20.00,3.00,0.90"
0.8965527779936934,"20.00,2.00,20.00,3.00,0.90"
0.9045738592346131,"20.00,2.00,20.00,3.00,0.90"
