estimate,condition
0.25753147219896017,"20.00,2.00,40.00,4.00,0.20"
0.2031551291525153,"20.00,2.00,40.00,4.00,0.20"
0.18286207245142916,"20.00,2.00,40.00,4.00,0.20"
0.23110751630642906,"20.00,2.00,40.00,4.00,0.20"
0.16150819678937578,"20.00,2.00,40.00,4.00,0.20"
