estimate,condition
0.4507924467416428,"20.00,2.00,40.00,4.00,0.50"
0.5164937283515404,"20.00,2.00,40.00,4.00,0.50"
0.5327653785199512,"20.00,2.00,40.00,4.00,0.50"
0.5088121007887473,"20.00,2.00,40.00,4.00,0.50"
0.4868670755792734,"20.00,2.00,40.00,4.00,0.50"
