estimate,condition
0.8984975243926943,"20.00,2.00,8.00,2.00,0.90"
0.904508151536377,"20.00,2.00,8.00,2.00,0.90"
0.8913615872423026,"20.00,2.00,8.00,2.00,0.90"
0.8982474169818836,"20.00,2.00,8.00,2.00,0.90"
0.9000306556220045,"20.00,2.00,8.00,2.00,0.90"
