estimate,condition
0.9008523274981706,"10.00,1.00,8.00,2.00,0.90"
0.9003921992190733,"10.00,1.00,8.00,2.00,0.90"
0.8985623437423961,"10.00,1.00,8.00,2.00,0.90"
0.9027177186881017,"10.00,1.00,8.00,2.00,0.90"
0.9039881867882525,"10.00,1.00,8.00,2.00,0.90"
