estimate,condition
0.2216803738169936,"10.00,1.00,20.00,3.00,0.20"
0.23542777477680307,"10.00,1.00,20.00,3.00,0.20"
0.22705081662232587,"10.00,1.00,20.00,3.00,0.20"
0.25551770610848434,"10.00,1.00,20.00,3.00,0.20"
0.16886457527292653,"10.00,1.00,20.00,3.00,0.20"
