estimate,condition
0.5050271037631264,"10.00,1.00,20.00,3.00,0.50"
0.5053328622788567,"10.00,1.00,20.00,3.00,0.50"
0.5061861928674182,"10.00,1.00,20.00,3.00,0.50"
0.5004722487348187,"10.00,1.00,20.00,3.00,0.50"
0.5412079287845485,"10.00,1.00,20.00,3.00,0.50"
