estimate,condition
0.8970177849927758,"10.00,1.00,20.00,3.00,0.90"
0.8997371049514019,"10.00,1.00,20.00,3.00,0.90"
0.8929042287169185,"10.00,1.00,20.00,3.00,0.90"
0.8921666738444577,"10.00,1.00,20.00,3.00,0.90"
0.9028325621765357,"10.00,1.00,20.00,3.00,0.90"
