estimate,condition
0.1824080340772021,"10.00,1.00,40.00,4.00,0.20"
0.22159152630965803,"10.00,1.00,40.00,4.00,0.20"
0.1893055736986568,"10.00,1.00,40.00,4.00,0.20"
0.13848553681847203,"10.00,1.00,40.00,4.00,0.20"
0.16495207764999073,"10.00,1.00,40.00,4.00,0.20"
