estimate,condition
0.4823685367782744,"10.00,1.00,40.00,4.00,0.50"
0.4792645509416386,"10.00,1.00,40.00,4.00,0.50"
0.5489246132038079,"10.00,1.00,40.00,4.00,0.50"
0.4899923169985077,"10.00,1.00,40.00,4.00,0.50"
0.5072673846428006,"10.00,1.00,40.00,4.00,0.50"
