estimate,condition
0.8926281164533951,"10.00,1.00,40.00,4.00,0.90"
0.9035023091194933,"10.00,1.00,40.00,4.00,0.90"
0.8958067719935354,"10.00,1.00,40.00,4.00,0.90"
0.9002628037057189,"10.00,1.00,40.00,4.00,0.90"
0.9025129538767361,"10.00,1.00,40.00,4.00,0.90"
